designer;lien;point
GIVENCHY;https://www.vogue.com/fashion-shows/designer/givenchy;29
LOUIS VUITTON;https://www.vogue.com/fashion-shows/designer/louis-vuitton;27
JEAN PAUL GAULTIER;https://www.vogue.com/fashion-shows/designer/jean-paul-gaultier;23
FENDI;https://www.vogue.com/fashion-shows/designer/fendi;23
BOTTEGA VENETA;https://www.vogue.com/fashion-shows/designer/bottega-veneta;21
EMPORIO ARMANI;https://www.vogue.com/fashion-shows/designer/emporio-armani;21
SAINT LAURENT;https://www.vogue.com/fashion-shows/designer/saint-laurent;21
HERMÈS;https://www.vogue.com/fashion-shows/designer/hermes;19
RALPH LAUREN;https://www.vogue.com/fashion-shows/designer/ralph-lauren;19
CAROLINA HERRERA;https://www.vogue.com/fashion-shows/designer/carolina-herrera;19
DOLCE & GABBANA;https://www.vogue.com/fashion-shows/designer/dolce-gabbana;19
VALENTINO;https://www.vogue.com/fashion-shows/designer/valentino;18
STELLA MCCARTNEY;https://www.vogue.com/fashion-shows/designer/stella-mccartney;17
CHLOÉ;https://www.vogue.com/fashion-shows/designer/chloe;17
CHANEL;https://www.vogue.com/fashion-shows/designer/chanel;16
VERSACE;https://www.vogue.com/fashion-shows/designer/versace;16
CHRISTIAN DIOR;https://www.vogue.com/fashion-shows/designer/christian-dior;15
EMILIO PUCCI;https://www.vogue.com/fashion-shows/designer/emilio-pucci;15
MARC JACOBS;https://www.vogue.com/fashion-shows/designer/marc-jacobs;15
ACNE STUDIOS;https://www.vogue.com/fashion-shows/designer/acne-studios;15
ALEXANDER MCQUEEN;https://www.vogue.com/fashion-shows/designer/alexander-mcqueen;14
GUCCI;https://www.vogue.com/fashion-shows/designer/gucci;14
DSQUARED2;https://www.vogue.com/fashion-shows/designer/dsquared;14
MOSCHINO;https://www.vogue.com/fashion-shows/designer/moschino;14
TOMMY HILFIGER;https://www.vogue.com/fashion-shows/designer/tommy-hilfiger;13
MSGM;https://www.vogue.com/fashion-shows/designer/msgm;13
MISSONI;https://www.vogue.com/fashion-shows/designer/missoni;13
BURBERRY;https://www.vogue.com/fashion-shows/designer/burberry-prorsum;13
COMME DES GARÇONS;https://www.vogue.com/fashion-shows/designer/comme-des-garcons;13
ELIE SAAB;https://www.vogue.com/fashion-shows/designer/elie-saab;13
GIORGIO ARMANI;https://www.vogue.com/fashion-shows/designer/giorgio-armani;13
PRADA;https://www.vogue.com/fashion-shows/designer/prada;13
DKNY;https://www.vogue.com/fashion-shows/designer/dkny;13
DIANE VON FURSTENBERG;https://www.vogue.com/fashion-shows/designer/diane-von-furstenberg;13
PHILOSOPHY DI LORENZO SERAFINI;https://www.vogue.com/fashion-shows/designer/philosophy;13
BALENCIAGA;https://www.vogue.com/fashion-shows/designer/balenciaga;13
ETRO;https://www.vogue.com/fashion-shows/designer/etro;12
ROBERTO CAVALLI;https://www.vogue.com/fashion-shows/designer/roberto-cavalli;12
LANVIN;https://www.vogue.com/fashion-shows/designer/lanvin;12
JIL SANDER;https://www.vogue.com/fashion-shows/designer/jil-sander;12
MAISON MARGIELA;https://www.vogue.com/fashion-shows/designer/maison-martin-margiela;12
GIAMBATTISTA VALLI;https://www.vogue.com/fashion-shows/designer/giambattista-valli;12
MICHAEL KORS COLLECTION;https://www.vogue.com/fashion-shows/designer/michael-kors-collection;12
MARNI;https://www.vogue.com/fashion-shows/designer/marni;12
VIKTOR & ROLF;https://www.vogue.com/fashion-shows/designer/viktor-rolf;11
DRIES VAN NOTEN;https://www.vogue.com/fashion-shows/designer/dries-van-noten;11
DIOR MEN;https://www.vogue.com/fashion-shows/designer/dior-homme;11
ICEBERG;https://www.vogue.com/fashion-shows/designer/iceberg;11
RAG & BONE;https://www.vogue.com/fashion-shows/designer/rag-bone;11
MARTIN GRANT;https://www.vogue.com/fashion-shows/designer/martin-grant;11
YOHJI YAMAMOTO;https://www.vogue.com/fashion-shows/designer/yohji-yamamoto;11
LOEWE;https://www.vogue.com/fashion-shows/designer/loewe;11
VIVIENNE WESTWOOD;https://www.vogue.com/fashion-shows/designer/vivienne-westwood;11
BALMAIN;https://www.vogue.com/fashion-shows/designer/balmain;11
J. MENDEL;https://www.vogue.com/fashion-shows/designer/j-mendel;11
MIU MIU;https://www.vogue.com/fashion-shows/designer/miu-miu;10
OSCAR DE LA RENTA;https://www.vogue.com/fashion-shows/designer/oscar-de-la-renta;10
CALVIN KLEIN COLLECTION;https://www.vogue.com/fashion-shows/designer/calvin-klein-collection;10
ALBERTA FERRETTI;https://www.vogue.com/fashion-shows/designer/alberta-ferretti;10
THOM BROWNE;https://www.vogue.com/fashion-shows/designer/thom-browne;10
JUNYA WATANABE;https://www.vogue.com/fashion-shows/designer/junya-watanabe;10
ANN DEMEULEMEESTER;https://www.vogue.com/fashion-shows/designer/ann-demeulemeester;10
KENZO;https://www.vogue.com/fashion-shows/designer/kenzo;9
LELA ROSE;https://www.vogue.com/fashion-shows/designer/lela-rose;9
MARC BY MARC JACOBS;https://www.vogue.com/fashion-shows/designer/marc-by-marc-jacobs;9
NO. 21;https://www.vogue.com/fashion-shows/designer/no-21;9
PROENZA SCHOULER;https://www.vogue.com/fashion-shows/designer/proenza-schouler;9
FERRAGAMO;https://www.vogue.com/fashion-shows/designer/salvatore-ferragamo;9
BADGLEY MISCHKA;https://www.vogue.com/fashion-shows/designer/badgley-mischka;9
UNDERCOVER;https://www.vogue.com/fashion-shows/designer/undercover;9
REEM ACRA;https://www.vogue.com/fashion-shows/designer/reem-acra;9
CELINE;https://www.vogue.com/fashion-shows/designer/celine;9
JOHN GALLIANO;https://www.vogue.com/fashion-shows/designer/john-galliano;9
COSTUME NATIONAL;https://www.vogue.com/fashion-shows/designer/costume-national;9
TEMPERLEY LONDON;https://www.vogue.com/fashion-shows/designer/temperley-london;9
MAX MARA;https://www.vogue.com/fashion-shows/designer/max-mara;9
RICK OWENS;https://www.vogue.com/fashion-shows/designer/rick-owens;9
PAUL SMITH;https://www.vogue.com/fashion-shows/designer/paul-smith;9
BAND OF OUTSIDERS;https://www.vogue.com/fashion-shows/designer/band-of-outsiders;9
DIESEL BLACK GOLD;https://www.vogue.com/fashion-shows/designer/diesel-black-gold;9
VICTORIA BECKHAM;https://www.vogue.com/fashion-shows/designer/victoria-beckham;9
ZUHAIR MURAD;https://www.vogue.com/fashion-shows/designer/zuhair-murad;9
Y-3;https://www.vogue.com/fashion-shows/designer/y-3;9
ZERO + MARIA CORNEJO;https://www.vogue.com/fashion-shows/designer/zero-maria-cornejo;9
ALEXIS MABILLE;https://www.vogue.com/fashion-shows/designer/alexis-mabille;9
THE ROW;https://www.vogue.com/fashion-shows/designer/row;8
NAEEM KHAN;https://www.vogue.com/fashion-shows/designer/naeem-khan;8
ISSEY MIYAKE;https://www.vogue.com/fashion-shows/designer/issey-miyake;8
PREEN BY THORNTON BREGAZZI;https://www.vogue.com/fashion-shows/designer/preen-by-thornton-bregazzi;8
SACAI;https://www.vogue.com/fashion-shows/designer/sacai;8
MONIQUE LHUILLIER;https://www.vogue.com/fashion-shows/designer/monique-lhuillier;8
ROCHAS;https://www.vogue.com/fashion-shows/designer/rochas;8
CHALAYAN;https://www.vogue.com/fashion-shows/designer/chalayan;8
NINA RICCI;https://www.vogue.com/fashion-shows/designer/nina-ricci;8
CHRISTOPHER KANE;https://www.vogue.com/fashion-shows/designer/christopher-kane;8
JW ANDERSON;https://www.vogue.com/fashion-shows/designer/j-w-anderson;8
ALEXANDER WANG;https://www.vogue.com/fashion-shows/designer/alexander-wang;8
PRINGLE OF SCOTLAND;https://www.vogue.com/fashion-shows/designer/pringle-of-scotland;8
NARCISO RODRIGUEZ;https://www.vogue.com/fashion-shows/designer/narciso-rodriguez;8
NICOLE MILLER;https://www.vogue.com/fashion-shows/designer/nicole-miller;8
ZAC POSEN;https://www.vogue.com/fashion-shows/designer/zac-posen;8
ERDEM;https://www.vogue.com/fashion-shows/designer/erdem;8
TORY BURCH;https://www.vogue.com/fashion-shows/designer/tory-burch;8
SONIA RYKIEL;https://www.vogue.com/fashion-shows/designer/sonia-rykiel;8
ISABEL MARANT;https://www.vogue.com/fashion-shows/designer/isabel-marant;8
VERA WANG;https://www.vogue.com/fashion-shows/designer/vera-wang;8
ANNA SUI;https://www.vogue.com/fashion-shows/designer/anna-sui;8
PORTS 1961;https://www.vogue.com/fashion-shows/designer/ports-1961;8
AKRIS;https://www.vogue.com/fashion-shows/designer/akris;8
MARCHESA;https://www.vogue.com/fashion-shows/designer/marchesa;7
PHILIPP PLEIN;https://www.vogue.com/fashion-shows/designer/philipp-plein;7
BLUMARINE;https://www.vogue.com/fashion-shows/designer/blumarine;7
ZEGNA;https://www.vogue.com/fashion-shows/designer/ermenegildo-zegna;7
PRABAL GURUNG;https://www.vogue.com/fashion-shows/designer/prabal-gurung;7
RAQUEL ALLEGRA;https://www.vogue.com/fashion-shows/designer/raquel-allegra;7
ROLAND MOURET;https://www.vogue.com/fashion-shows/designer/roland-mouret;7
JASON WU COLLECTION;https://www.vogue.com/fashion-shows/designer/jason-wu;7
HELMUT LANG;https://www.vogue.com/fashion-shows/designer/helmut-lang;7
NORMA KAMALI;https://www.vogue.com/fashion-shows/designer/norma-kamali;7
RODEBJER;https://www.vogue.com/fashion-shows/designer/rodebjer;7
BOSS;https://www.vogue.com/fashion-shows/designer/hugo-boss;7
TOD’S;https://www.vogue.com/fashion-shows/designer/tod-s;7
LUISA BECCARIA;https://www.vogue.com/fashion-shows/designer/luisa-beccaria;7
A.L.C.;https://www.vogue.com/fashion-shows/designer/a-l-c-;7
SPORTMAX;https://www.vogue.com/fashion-shows/designer/sportmax;7
CYNTHIA ROWLEY;https://www.vogue.com/fashion-shows/designer/cynthia-rowley;7
LIBERTINE;https://www.vogue.com/fashion-shows/designer/libertine;7
ANTONIO BERARDI;https://www.vogue.com/fashion-shows/designer/antonio-berardi;7
ANDREW GN;https://www.vogue.com/fashion-shows/designer/andrew-gn;7
ROKSANDA;https://www.vogue.com/fashion-shows/designer/roksanda;7
LEMAIRE;https://www.vogue.com/fashion-shows/designer/christophe-lemaire;7
PIAZZA SEMPIONE;https://www.vogue.com/fashion-shows/designer/piazza-sempione;7
VERSUS VERSACE;https://www.vogue.com/fashion-shows/designer/versus-versace;7
RED VALENTINO;https://www.vogue.com/fashion-shows/designer/red-valentino;7
SELF-PORTRAIT;https://www.vogue.com/fashion-shows/designer/self-portrait;7
YIGAL AZROUËL;https://www.vogue.com/fashion-shows/designer/yigal-azrouel;7
SEA;https://www.vogue.com/fashion-shows/designer/sea;7
ADAM LIPPES;https://www.vogue.com/fashion-shows/designer/adam-lippes;7
BALLY;https://www.vogue.com/fashion-shows/designer/bally;7
VÉRONIQUE LEROY;https://www.vogue.com/fashion-shows/designer/veronique-leroy;7
ANTONIO MARRAS;https://www.vogue.com/fashion-shows/designer/antonio-marras;6
LACOSTE;https://www.vogue.com/fashion-shows/designer/lacoste;6
TOM FORD;https://www.vogue.com/fashion-shows/designer/tom-ford;6
MATTHEW WILLIAMSON;https://www.vogue.com/fashion-shows/designer/matthew-williamson;6
ELIE TAHARI;https://www.vogue.com/fashion-shows/designer/elie-tahari;6
ALEXANDRE VAUTHIER;https://www.vogue.com/fashion-shows/designer/alexandre-vauthier;6
CHRISTIAN SIRIANO;https://www.vogue.com/fashion-shows/designer/christian-siriano;6
TSE;https://www.vogue.com/fashion-shows/designer/tse;6
CHRISTIAN LACROIX;https://www.vogue.com/fashion-shows/designer/christian-lacroix;6
COACH;https://www.vogue.com/fashion-shows/designer/coach;6
BRUNELLO CUCINELLI;https://www.vogue.com/fashion-shows/designer/brunello-cucinelli;6
THAKOON;https://www.vogue.com/fashion-shows/designer/thakoon;6
JUST CAVALLI;https://www.vogue.com/fashion-shows/designer/just-cavalli;6
ADEAM;https://www.vogue.com/fashion-shows/designer/adeam;6
BELSTAFF;https://www.vogue.com/fashion-shows/designer/belstaff;6
ULLA JOHNSON;https://www.vogue.com/fashion-shows/designer/ulla-johnson;6
VIONNET;https://www.vogue.com/fashion-shows/designer/vionnet;6
DEREK LAM 10 CROSBY;https://www.vogue.com/fashion-shows/designer/derek-lam-10-crosby;6
DEREK LAM;https://www.vogue.com/fashion-shows/designer/derek-lam;6
OFF-WHITE;https://www.vogue.com/fashion-shows/designer/off-white;6
JONATHAN SAUNDERS;https://www.vogue.com/fashion-shows/designer/jonathan-saunders;6
MM6 MAISON MARGIELA;https://www.vogue.com/fashion-shows/designer/mm6-maison-martin-margiela;6
BCBG MAX AZRIA;https://www.vogue.com/fashion-shows/designer/bcbg-max-azria;6
EMANUEL UNGARO;https://www.vogue.com/fashion-shows/designer/emanuel-ungaro;6
ALICE + OLIVIA;https://www.vogue.com/fashion-shows/designer/alice-olivia;6
A.P.C.;https://www.vogue.com/fashion-shows/designer/a-p-c-;6
DAVID KOMA;https://www.vogue.com/fashion-shows/designer/david-koma;6
BIBHU MOHAPATRA;https://www.vogue.com/fashion-shows/designer/bibhu-mohapatra;6
MUGLER;https://www.vogue.com/fashion-shows/designer/mugler;6
DONNA KARAN;https://www.vogue.com/fashion-shows/designer/donna-karan;6
ROSETTA GETTY;https://www.vogue.com/fashion-shows/designer/rosetta-getty;6
CARVEN;https://www.vogue.com/fashion-shows/designer/carven;6
CO;https://www.vogue.com/fashion-shows/designer/co;6
RABANNE;https://www.vogue.com/fashion-shows/designer/paco-rabanne;6
RAF SIMONS;https://www.vogue.com/fashion-shows/designer/raf-simons;6
JOSEPH;https://www.vogue.com/fashion-shows/designer/joseph;6
NILI LOTAN;https://www.vogue.com/fashion-shows/designer/nili-lotan;6
RACHEL COMEY;https://www.vogue.com/fashion-shows/designer/rachel-comey;6
ALTUZARRA;https://www.vogue.com/fashion-shows/designer/altuzarra;6
A.F. VANDEVORST;https://www.vogue.com/fashion-shows/designer/a-f-vandevorst;5
ERMANNO SCERVINO;https://www.vogue.com/fashion-shows/designer/ermanno-scervino;5
RODARTE;https://www.vogue.com/fashion-shows/designer/rodarte;5
JULIEN MACDONALD;https://www.vogue.com/fashion-shows/designer/julien-macdonald;5
RACHEL ZOE;https://www.vogue.com/fashion-shows/designer/rachel-zoe;5
THEORY;https://www.vogue.com/fashion-shows/designer/theory;5
FASHION EAST;https://www.vogue.com/fashion-shows/designer/fashion-east;5
Z ZEGNA;https://www.vogue.com/fashion-shows/designer/z-zegna;5
MILLY;https://www.vogue.com/fashion-shows/designer/milly;5
PETER SOM;https://www.vogue.com/fashion-shows/designer/peter-som;5
MARCO DE VINCENZO;https://www.vogue.com/fashion-shows/designer/marco-de-vincenzo;5
LISA PERRY;https://www.vogue.com/fashion-shows/designer/lisa-perry;5
AREA;https://www.vogue.com/fashion-shows/designer/area;5
TADASHI SHOJI;https://www.vogue.com/fashion-shows/designer/tadashi-shoji;5
Y/PROJECT;https://www.vogue.com/fashion-shows/designer/y-project;5
NICHOLAS K;https://www.vogue.com/fashion-shows/designer/nicholas-k;5
BERLUTI;https://www.vogue.com/fashion-shows/designer/berluti;5
DOUGLAS HANNANT;https://www.vogue.com/fashion-shows/designer/douglas-hannant;5
ROSIE ASSOULIN;https://www.vogue.com/fashion-shows/designer/rosie-assoulin;5
CÉDRIC CHARLIER;https://www.vogue.com/fashion-shows/designer/cedric-charlier;5
ALAÏA;https://www.vogue.com/fashion-shows/designer/azzedine-alaia;5
GILES DEACON;https://www.vogue.com/fashion-shows/designer/giles-deacon;5
AMI;https://www.vogue.com/fashion-shows/designer/ami;5
MELITTA BAUMEISTER;https://www.vogue.com/fashion-shows/designer/melitta-baumeister;5
ARMANI PRIVÉ;https://www.vogue.com/fashion-shows/designer/armani-prive;5
D&G;https://www.vogue.com/fashion-shows/designer/d-g;5
MULBERRY;https://www.vogue.com/fashion-shows/designer/mulberry;5
HERVÉ LÉGER BY MAX AZRIA;https://www.vogue.com/fashion-shows/designer/herve-leger-by-max-azria;5
ANDREAS KRONTHALER FOR VIVIENNE WESTWOOD;https://www.vogue.com/fashion-shows/designer/andreas-kronthaler-for-vivienne-westwood;5
MARY KATRANTZOU;https://www.vogue.com/fashion-shows/designer/mary-katrantzou;5
KHAITE;https://www.vogue.com/fashion-shows/designer/khaite;5
N.HOOLYWOOD;https://www.vogue.com/fashion-shows/designer/n-hoolywood;5
COMME DES GARÇONS HOMME PLUS;https://www.vogue.com/fashion-shows/designer/comme-des-garcons-homme-plus;5
MARA HOFFMAN;https://www.vogue.com/fashion-shows/designer/mara-hoffman;5
EUDON CHOI;https://www.vogue.com/fashion-shows/designer/eudon-choi;5
SEE BY CHLOÉ;https://www.vogue.com/fashion-shows/designer/see-by-chloe;5
BRIONI;https://www.vogue.com/fashion-shows/designer/brioni;5
TULEH;https://www.vogue.com/fashion-shows/designer/tuleh;5
BETSEY JOHNSON;https://www.vogue.com/fashion-shows/designer/betsey-johnson;5
OSMAN YOUSEFZADA;https://www.vogue.com/fashion-shows/designer/osman;5
TRUSSARDI;https://www.vogue.com/fashion-shows/designer/trussardi;5
CUSHNIE ET OCHS;https://www.vogue.com/fashion-shows/designer/cushnie-et-ochs;5
APIECE APART;https://www.vogue.com/fashion-shows/designer/apiece-apart;5
TOPSHOP UNIQUE;https://www.vogue.com/fashion-shows/designer/topshop-unique;5
BARBARA TFANK;https://www.vogue.com/fashion-shows/designer/barbara-tfank;5
IRIS VAN HERPEN;https://www.vogue.com/fashion-shows/designer/iris-van-herpen;5
VIVIENNE TAM;https://www.vogue.com/fashion-shows/designer/vivienne-tam;5
KOLOR;https://www.vogue.com/fashion-shows/designer/kolor;5
VERONIQUE BRANQUINHO;https://www.vogue.com/fashion-shows/designer/veronique-branquinho;5
J.CREW;https://www.vogue.com/fashion-shows/designer/j-crew;5
DAMIR DOMA;https://www.vogue.com/fashion-shows/designer/damir-doma;5
SCHIAPARELLI;https://www.vogue.com/fashion-shows/designer/schiaparelli;5
OUR LEGACY;https://www.vogue.com/fashion-shows/designer/our-legacy;5
SACHIN & BABI;https://www.vogue.com/fashion-shows/designer/sachin-babi;5
MARGARET HOWELL;https://www.vogue.com/fashion-shows/designer/margaret-howell;5
SIMKHAI;https://www.vogue.com/fashion-shows/designer/jonathan-simkhai;5
HAIDER ACKERMANN;https://www.vogue.com/fashion-shows/designer/haider-ackermann;5
GABRIELA HEARST;https://www.vogue.com/fashion-shows/designer/gabriela-hearst;5
JILL STUART;https://www.vogue.com/fashion-shows/designer/jill-stuart;5
DENNIS BASSO;https://www.vogue.com/fashion-shows/designer/dennis-basso;5
T BY ALEXANDER WANG;https://www.vogue.com/fashion-shows/designer/t-by-alexander-wang;5
JENNY PACKHAM;https://www.vogue.com/fashion-shows/designer/jenny-packham;5
ZIMMERMANN;https://www.vogue.com/fashion-shows/designer/zimmermann;5
ST. JOHN;https://www.vogue.com/fashion-shows/designer/st-john;5
YEOHLEE;https://www.vogue.com/fashion-shows/designer/yeohlee;5
THREEASFOUR;https://www.vogue.com/fashion-shows/designer/threeasfour;5
COURRÈGES;https://www.vogue.com/fashion-shows/designer/courreges;5
M.PATMOS;https://www.vogue.com/fashion-shows/designer/m-patmos;5
